Special Price:,Precio especial
Cart,Cesta
View Cart,Ver cesta
View all items in your shopping cart,Ver todos los productos de la cesta
View All,Ver todos
Compare,Comparar
Compare Products,Comparar Productos
Compare all selected items,Comparar todos los artículos
Currency,Moneda
Language,Idioma
Sign Up,Regístrate
Enter your e-mail,Introduce tu email
Click to see more products from %s,Haz click para ver más productos de %s
Related Products,Relacionados
Zoom,Zoom
image {current} of {total},{current} / {total}
New,Nuevo
Sale,Precio especial
Categories,Categorías
Menu,Menu
Product Description,Descripción
